3.991989e+002,-3.487038e-003
4.011274e+002,-4.159807e-003
4.030559e+002,-7.771062e-003
4.049844e+002,-5.160232e-003
4.069129e+002,-2.200381e-003
4.088414e+002,-3.103123e-003
4.107699e+002,-3.327496e-003
4.126984e+002,-2.648595e-003
4.146269e+002,-1.897906e-003
4.165554e+002,1.180063e-004
4.184839e+002,-8.539518e-004
4.204124e+002,-7.537083e-004
4.223409e+002,-5.198420e-005
4.242694e+002,-2.443611e-004
4.261979e+002,-8.969063e-004
4.281264e+002,-2.208154e-004
4.300549e+002,-5.887520e-005
4.319834e+002,3.312016e-004
4.339119e+002,-8.619875e-004
4.358404e+002,-1.508389e-003
4.377689e+002,-2.384333e-004
4.396974e+002,1.075503e-003
4.416259e+002,4.653517e-004
4.435544e+002,-1.822368e-006
4.454829e+002,6.456989e-004
4.474114e+002,6.358888e-005
4.493399e+002,-6.745819e-004
4.512684e+002,-5.823047e-004
4.531969e+002,-4.071590e-004
4.551254e+002,-1.402669e-004
4.570539e+002,5.284116e-004
4.589824e+002,-7.278939e-005
4.609109e+002,-2.112444e-004
4.628394e+002,2.143639e-004
4.647679e+002,5.575066e-004
4.666964e+002,4.371917e-004
4.686249e+002,9.066419e-005
4.705533e+002,-2.217758e-004
4.724819e+002,1.855571e-004
4.744103e+002,8.265526e-004
4.763389e+002,5.723036e-004
4.782673e+002,4.942434e-004
4.801959e+002,5.645400e-004
4.821243e+002,4.453841e-004
4.840529e+002,1.759443e-004
4.859813e+002,1.337827e-004
4.879099e+002,1.770050e-004
4.898383e+002,6.040755e-005
4.917668e+002,9.533710e-005
4.936953e+002,2.255688e-004
4.956238e+002,3.230445e-004
4.975523e+002,1.974906e-004
4.994808e+002,-1.119916e-005
5.014093e+002,-2.604257e-005
5.033378e+002,-1.244999e-004
5.052663e+002,-3.628026e-005
5.071948e+002,2.962284e-005
5.091233e+002,-1.291373e-004
5.110518e+002,-1.842214e-005
5.129803e+002,2.259667e-004
5.149088e+002,2.835211e-004
5.168373e+002,1.605641e-004
5.187658e+002,2.023636e-004
5.206943e+002,6.481502e-005
5.226228e+002,7.223281e-006
5.245513e+002,1.226795e-004
5.264798e+002,3.625015e-005
5.284083e+002,2.423437e-004
5.303368e+002,3.145891e-004
5.322653e+002,3.633010e-004
5.341938e+002,6.905651e-004
5.361223e+002,8.144358e-004
5.380508e+002,6.075397e-004
5.399792e+002,1.923194e-004
5.419078e+002,2.103527e-004
5.438363e+002,5.225730e-004
5.457648e+002,6.442388e-004
5.476932e+002,5.170330e-004
5.496218e+002,6.043212e-004
5.515503e+002,7.232553e-004
5.534788e+002,4.688677e-004
5.554072e+002,6.821358e-004
5.573358e+002,5.141138e-004
5.592643e+002,3.899639e-004
5.611927e+002,1.655361e-004
5.631212e+002,6.590861e-005
5.650497e+002,2.138998e-004
5.669783e+002,4.347042e-004
5.689067e+002,4.398119e-004
5.708352e+002,3.995151e-004
5.727637e+002,5.413499e-004
5.746923e+002,4.366279e-004
5.766207e+002,3.087865e-004
5.785492e+002,3.498707e-004
5.804777e+002,3.498375e-004
5.824063e+002,3.472510e-004
5.843347e+002,3.771960e-004
5.862632e+002,4.556663e-004
5.881917e+002,5.767162e-004
5.901202e+002,5.091046e-004
5.920487e+002,2.192370e-004
5.939772e+002,2.269612e-004
5.959057e+002,3.195628e-004
5.978342e+002,3.382646e-004
5.997627e+002,5.826551e-004
6.016912e+002,2.851457e-004
6.036197e+002,1.902310e-004
6.055482e+002,3.670814e-004
6.074767e+002,4.589501e-004
6.094052e+002,4.184525e-004
6.113337e+002,5.651041e-004
6.132622e+002,5.371698e-004
6.151907e+002,2.756301e-004
6.171192e+002,-8.457507e-004
6.190477e+002,-1.106205e-004
6.209762e+002,8.183530e-004
6.229047e+002,7.950164e-004
6.248332e+002,6.221394e-004
6.267617e+002,4.237591e-004
6.286902e+002,2.986403e-004
6.306187e+002,1.834688e-004
6.325472e+002,-2.594318e-005
6.344756e+002,-3.746175e-004
6.364042e+002,-6.605877e-004
6.383326e+002,-1.174371e-003
6.402612e+002,-1.736261e-003
6.421896e+002,-2.272210e-003
6.441182e+002,-2.716562e-003
6.460466e+002,-3.338478e-003
6.479752e+002,-4.601676e-003
6.499036e+002,-4.942046e-003
6.518322e+002,-4.568661e-003
6.537606e+002,-4.654620e-003
6.556891e+002,-4.770223e-003
6.576177e+002,-4.631214e-003
6.595461e+002,-4.209393e-003
6.614746e+002,-3.440296e-003
6.634031e+002,-2.581473e-003
6.653317e+002,-2.750871e-003
6.672601e+002,-1.164579e-002
6.691886e+002,-1.699151e-002
6.711171e+002,-6.864871e-003
6.730457e+002,-4.979357e-003
6.749741e+002,-5.583193e-003
6.769026e+002,-5.948713e-003
6.788311e+002,-5.911223e-003
6.807596e+002,-5.975675e-003
6.826881e+002,-5.550219e-003
6.846166e+002,-5.252328e-003
6.865451e+002,-4.796800e-003
6.884736e+002,-4.407580e-003
6.904021e+002,-3.814620e-003
6.923306e+002,-3.241470e-003
6.942591e+002,-2.535918e-003
6.961876e+002,-1.961770e-003
6.981161e+002,-1.573696e-003
7.000446e+002,-1.087753e-003
7.019731e+002,-4.519450e-004
7.039016e+002,-1.827289e-004
7.058301e+002,7.840221e-005
7.077585e+002,2.081316e-004
7.096871e+002,3.642295e-004
7.116156e+002,3.563039e-004
7.135441e+002,5.211797e-004
7.154725e+002,5.900208e-004
7.174011e+002,4.510559e-004
7.193296e+002,-7.572144e-004
7.212581e+002,-6.018602e-004
7.231865e+002,7.020811e-004
7.251151e+002,7.809089e-004
7.270436e+002,8.068339e-004
7.289720e+002,8.539079e-004
7.309005e+002,7.045038e-004
7.328290e+002,5.449991e-004
7.347576e+002,4.975938e-004
7.366860e+002,4.094646e-004
7.386145e+002,4.066787e-004
7.405430e+002,4.321834e-004
7.424716e+002,5.410513e-004
7.444000e+002,7.265079e-004
7.463285e+002,6.563841e-004
7.482570e+002,5.623172e-004
7.501855e+002,5.740620e-004
7.521140e+002,6.598684e-004
7.540425e+002,7.055658e-004
7.559710e+002,6.886735e-004
7.578995e+002,7.215295e-004
7.598280e+002,7.222928e-004
7.617565e+002,7.467539e-004
7.636850e+002,6.548244e-004
7.656135e+002,6.744034e-004
7.675420e+002,7.156550e-004
7.694705e+002,7.380912e-004
7.713990e+002,8.248264e-004
7.733275e+002,7.995641e-004
7.752560e+002,8.256895e-004
7.771844e+002,8.725995e-004
7.791130e+002,7.660052e-004
7.810415e+002,7.967426e-004
7.829700e+002,8.160956e-004
7.848984e+002,8.197804e-004
7.868270e+002,8.683166e-004
7.887555e+002,8.521152e-004
7.906840e+002,8.743591e-004
7.926124e+002,8.237640e-004
7.945410e+002,6.712840e-004
7.964695e+002,6.861513e-004
7.983979e+002,8.105186e-004
8.003264e+002,8.627390e-004
8.022549e+002,8.091244e-004
8.041835e+002,8.089253e-004
8.061119e+002,7.699219e-004
8.080404e+002,6.975012e-004
8.099689e+002,7.188412e-004
8.118975e+002,7.291631e-004
8.138259e+002,6.486854e-004
8.157545e+002,8.117801e-004
8.176830e+002,9.149988e-004
8.196115e+002,7.371950e-004
8.215399e+002,6.811402e-004
8.234684e+002,7.084531e-004
8.253970e+002,7.375601e-004
8.273254e+002,7.800126e-004
8.292539e+002,7.483803e-004
8.311824e+002,8.524471e-004
8.331110e+002,9.482704e-004
8.350394e+002,8.390349e-004
8.369679e+002,8.129420e-004
8.388964e+002,8.893994e-004
8.408250e+002,8.985300e-004
8.427534e+002,9.706522e-004
8.446819e+002,9.158622e-004
8.466104e+002,8.891005e-004
8.485389e+002,9.872233e-004
8.504674e+002,1.079755e-003
8.523959e+002,1.100084e-003
8.543244e+002,1.045244e-003
8.562529e+002,1.056570e-003
8.581814e+002,1.005057e-003
8.601099e+002,1.075736e-003
8.620384e+002,1.050558e-003
8.639669e+002,1.012330e-003
8.658954e+002,9.872233e-004
8.678239e+002,9.294096e-004
8.697524e+002,9.333278e-004
8.716809e+002,1.009441e-003
8.736094e+002,1.031892e-003
8.755378e+002,9.969206e-004
8.774664e+002,9.760319e-004
8.793949e+002,1.017246e-003
8.813234e+002,1.051455e-003
8.832518e+002,1.087826e-003
8.851804e+002,1.050027e-003
8.871089e+002,1.022859e-003
8.890374e+002,1.057866e-003
8.909658e+002,1.039000e-003
8.928943e+002,1.060423e-003
8.948229e+002,1.037339e-003
8.967513e+002,1.011733e-003
8.986798e+002,1.052053e-003
9.006083e+002,1.059626e-003
9.025369e+002,9.695563e-004
9.044653e+002,9.546129e-004
9.063938e+002,9.725782e-004
9.083223e+002,1.053348e-003
9.102509e+002,1.115995e-003
9.121793e+002,1.099320e-003
9.141078e+002,1.107425e-003
9.160364e+002,1.074473e-003
9.179648e+002,1.015153e-003
9.198933e+002,1.032025e-003
9.218218e+002,1.056736e-003
9.237504e+002,1.146226e-003
9.256788e+002,1.227394e-003
9.276073e+002,1.128254e-003
9.295358e+002,1.084139e-003
9.314644e+002,1.141077e-003
9.333928e+002,1.193038e-003
9.353213e+002,1.249591e-003
9.372498e+002,1.254442e-003
9.391783e+002,1.157854e-003
9.411068e+002,1.137090e-003
9.430353e+002,1.157987e-003
9.449637e+002,1.135662e-003
9.468923e+002,1.110381e-003
9.488208e+002,1.172937e-003
9.507493e+002,1.160179e-003
9.526777e+002,1.157056e-003
9.546063e+002,1.150047e-003
9.565348e+002,1.089886e-003
9.584633e+002,1.065870e-003
9.603917e+002,1.162272e-003
9.623203e+002,1.205431e-003
9.642488e+002,1.185230e-003
9.661772e+002,1.174897e-003
9.681057e+002,1.236897e-003
9.700343e+002,1.266904e-003
9.719628e+002,1.288039e-003
9.738912e+002,1.268200e-003
9.758197e+002,1.236764e-003
9.777483e+002,1.179682e-003
9.796768e+002,1.205431e-003
9.816052e+002,1.203437e-003
9.835337e+002,1.224769e-003
9.854623e+002,1.246467e-003
9.873907e+002,1.267934e-003
9.893192e+002,1.331443e-003
9.912477e+002,1.275444e-003
9.931763e+002,1.225234e-003
9.951047e+002,1.258596e-003
9.970332e+002,1.350587e-003
9.989617e+002,1.351119e-003
1.000890e+003,1.344737e-003
1.002819e+003,1.317285e-003
1.004747e+003,1.280097e-003
1.006676e+003,1.276541e-003
1.008604e+003,1.286843e-003
1.010533e+003,1.308477e-003
1.012461e+003,1.376878e-003
1.014390e+003,1.337591e-003
1.016318e+003,1.345668e-003
1.018247e+003,1.380668e-003
1.020175e+003,1.333769e-003
1.022104e+003,1.270792e-003
1.024032e+003,1.204600e-003
1.025961e+003,1.229321e-003
1.027889e+003,1.286012e-003
1.029818e+003,1.284583e-003
1.031746e+003,1.293223e-003
1.033675e+003,1.267037e-003
1.035603e+003,1.282822e-003
1.037532e+003,1.318315e-003
1.039460e+003,1.327189e-003
1.041389e+003,1.323632e-003
1.043317e+003,1.300867e-003
1.045246e+003,1.310405e-003
1.047174e+003,1.332440e-003
1.049103e+003,1.388346e-003
1.051031e+003,1.405964e-003
1.052960e+003,1.360093e-003
1.054888e+003,1.358431e-003
1.056817e+003,1.338323e-003
1.058745e+003,1.358896e-003
1.060674e+003,1.361024e-003
1.062602e+003,1.369566e-003
1.064531e+003,1.428402e-003
1.066459e+003,1.380036e-003
1.068388e+003,1.369832e-003
1.070316e+003,1.397255e-003
1.072245e+003,1.391205e-003
1.074173e+003,1.394163e-003
1.076102e+003,1.422286e-003
1.078030e+003,1.389377e-003
1.079959e+003,1.380202e-003
1.081887e+003,1.390374e-003
1.083816e+003,1.348061e-003
1.085744e+003,1.332938e-003
1.087673e+003,1.362719e-003
1.089601e+003,1.361090e-003
1.091530e+003,1.354642e-003
1.093458e+003,1.331243e-003
1.095387e+003,1.320774e-003
1.097315e+003,1.303725e-003
1.099244e+003,1.311103e-003
1.101172e+003,1.304489e-003
1.103101e+003,1.293024e-003
1.105029e+003,1.307414e-003
1.106958e+003,1.296613e-003
1.108886e+003,1.308112e-003
1.110815e+003,1.349091e-003
1.112743e+003,1.323666e-003
1.114672e+003,1.280396e-003
1.116600e+003,1.314759e-003
1.118529e+003,1.363118e-003
1.120457e+003,1.344671e-003
1.122386e+003,1.341812e-003
1.124314e+003,1.383659e-003
1.126243e+003,1.351318e-003
1.128171e+003,1.361722e-003
1.130100e+003,1.447617e-003
1.132028e+003,1.462810e-003
1.133957e+003,1.399382e-003
1.135885e+003,1.360924e-003
1.137814e+003,1.386318e-003
1.139742e+003,1.415537e-003
1.141671e+003,1.415338e-003
1.143599e+003,1.400346e-003
1.145528e+003,1.422784e-003
1.147456e+003,1.446853e-003
1.149385e+003,1.416734e-003
1.151313e+003,1.420457e-003
1.153242e+003,1.409521e-003
1.155170e+003,1.414374e-003
1.157099e+003,1.464107e-003
1.159027e+003,1.450809e-003
1.160956e+003,1.421953e-003
1.162884e+003,1.411681e-003
1.164813e+003,1.448183e-003
1.166741e+003,1.463043e-003
1.168670e+003,1.453768e-003
1.170598e+003,1.448315e-003
1.172526e+003,1.459586e-003
1.174455e+003,1.452604e-003
1.176384e+003,1.424646e-003
1.178312e+003,1.382496e-003
1.180240e+003,1.396889e-003
1.182169e+003,1.453568e-003
1.184098e+003,1.470158e-003
1.186026e+003,1.434586e-003
1.187954e+003,1.435350e-003
1.189883e+003,1.437777e-003
1.191812e+003,1.437378e-003
1.193740e+003,1.440902e-003
1.195668e+003,1.461348e-003
1.197597e+003,1.476242e-003
1.199526e+003,1.499948e-003
1.201454e+003,1.492899e-003
1.203382e+003,1.490239e-003
1.205311e+003,1.478835e-003
1.207240e+003,1.454798e-003
1.209168e+003,1.488311e-003
1.211096e+003,1.500879e-003
1.213025e+003,1.509922e-003
1.214953e+003,1.534993e-003
1.216882e+003,1.530804e-003
1.218810e+003,1.501610e-003
1.220739e+003,1.484055e-003
1.222667e+003,1.495426e-003
1.224596e+003,1.488610e-003
1.226524e+003,1.500247e-003
1.228453e+003,1.509856e-003
1.230381e+003,1.519897e-003
1.232310e+003,1.495193e-003
1.234238e+003,1.478569e-003
1.236167e+003,1.511485e-003
1.238095e+003,1.520729e-003
1.240024e+003,1.517869e-003
1.241952e+003,1.544636e-003
1.243881e+003,1.525151e-003
1.245809e+003,1.501876e-003
1.247738e+003,1.515741e-003
1.249666e+003,1.463376e-003
1.251595e+003,1.466401e-003
1.253523e+003,1.519864e-003
1.255452e+003,1.507495e-003
1.257380e+003,1.482659e-003
1.259309e+003,1.513513e-003
1.261237e+003,1.519299e-003
1.263166e+003,1.525184e-003
1.265094e+003,1.518667e-003
1.267023e+003,1.550090e-003
1.268951e+003,1.545800e-003
1.270880e+003,1.555177e-003
1.272808e+003,1.574730e-003
1.274737e+003,1.584873e-003
1.276665e+003,1.586469e-003
1.278594e+003,1.576027e-003
1.280522e+003,1.594484e-003
1.282451e+003,1.594783e-003
1.284379e+003,1.626677e-003
1.286308e+003,1.629437e-003
1.288236e+003,1.604261e-003
1.290165e+003,1.629504e-003
1.292093e+003,1.642674e-003
1.294022e+003,1.630069e-003
1.295950e+003,1.651388e-003
1.297879e+003,1.629870e-003
1.299807e+003,1.596180e-003
1.301736e+003,1.573799e-003
1.303664e+003,1.606356e-003
1.305593e+003,1.638849e-003
1.307521e+003,1.613207e-003
1.309450e+003,1.601867e-003
1.311378e+003,1.614970e-003
1.313307e+003,1.645701e-003
1.315235e+003,1.643040e-003
1.317164e+003,1.610248e-003
1.319092e+003,1.601268e-003
1.321021e+003,1.650524e-003
1.322949e+003,1.648395e-003
1.324878e+003,1.590227e-003
1.326806e+003,1.573633e-003
1.328735e+003,1.601667e-003
1.330663e+003,1.606323e-003
1.332592e+003,1.599240e-003
1.334520e+003,1.623451e-003
1.336449e+003,1.608352e-003
1.338377e+003,1.593320e-003
1.340306e+003,1.606157e-003
1.342234e+003,1.649859e-003
1.344163e+003,1.628506e-003
1.346091e+003,1.609882e-003
1.348020e+003,1.620158e-003
1.349948e+003,1.656943e-003
1.351877e+003,1.682388e-003
1.353805e+003,1.693232e-003
1.355734e+003,1.650624e-003
1.357662e+003,1.672842e-003
1.359591e+003,1.674771e-003
1.361519e+003,1.658972e-003
1.363448e+003,1.703178e-003
1.365376e+003,1.727328e-003
1.367305e+003,1.692966e-003
1.369233e+003,1.655679e-003
1.371162e+003,1.640446e-003
1.373090e+003,1.626910e-003
1.375019e+003,1.631466e-003
1.376947e+003,1.628739e-003
1.378876e+003,1.610380e-003
1.380804e+003,1.614338e-003
1.382733e+003,1.624947e-003
1.384661e+003,1.619194e-003
1.386590e+003,1.584674e-003
1.388518e+003,1.625779e-003
1.390447e+003,1.608585e-003
1.392375e+003,1.597377e-003
1.394304e+003,1.622752e-003
1.396232e+003,1.628140e-003
1.398161e+003,1.620657e-003
1.400089e+003,1.618030e-003
1.402018e+003,1.618828e-003
1.403946e+003,1.641411e-003
1.405875e+003,1.676301e-003
1.407803e+003,1.650058e-003
1.409732e+003,1.641610e-003
1.411660e+003,1.654615e-003
1.413589e+003,1.665990e-003
1.415517e+003,1.639149e-003
1.417446e+003,1.583709e-003
1.419374e+003,1.537221e-003
1.421303e+003,1.618595e-003
1.423231e+003,1.682155e-003
1.425160e+003,1.681324e-003
1.427088e+003,1.664527e-003
1.429017e+003,1.657808e-003
1.430945e+003,1.678463e-003
1.432874e+003,1.644005e-003
1.434802e+003,1.589396e-003
1.436731e+003,1.591424e-003
1.438659e+003,1.692999e-003
1.440588e+003,1.729990e-003
1.442516e+003,1.690571e-003
1.444445e+003,1.675569e-003
1.446373e+003,1.680193e-003
1.448302e+003,1.625845e-003
1.450230e+003,1.677232e-003
1.452159e+003,1.698787e-003
1.454087e+003,1.642841e-003
1.456016e+003,1.503406e-003
1.457944e+003,1.521493e-003
1.459873e+003,1.634493e-003
1.461801e+003,1.721806e-003
1.463730e+003,1.700117e-003
1.465658e+003,1.709930e-003
1.467587e+003,1.714355e-003
1.469515e+003,1.721873e-003
1.471444e+003,1.704342e-003
1.473372e+003,1.673906e-003
1.475301e+003,1.642375e-003
1.477229e+003,1.635590e-003
1.479158e+003,1.649027e-003
1.481086e+003,1.653717e-003
1.483015e+003,1.656577e-003
1.484943e+003,1.667520e-003
1.486872e+003,1.644105e-003
1.488800e+003,1.622387e-003
1.490729e+003,1.624083e-003
1.492657e+003,1.691502e-003
1.494586e+003,1.667054e-003
1.496514e+003,1.575462e-003
1.498443e+003,1.633794e-003
1.500371e+003,1.672742e-003
1.502300e+003,1.682688e-003
1.504228e+003,1.599838e-003
1.506157e+003,1.487978e-003
1.508085e+003,1.554379e-003
1.510014e+003,1.658706e-003
1.511942e+003,1.689906e-003
1.513871e+003,1.692800e-003
1.515799e+003,1.677798e-003
1.517728e+003,1.657641e-003
1.519656e+003,1.598741e-003
1.521585e+003,1.570973e-003
1.523513e+003,1.651754e-003
1.525442e+003,1.683386e-003
1.527370e+003,1.691602e-003
1.529299e+003,1.675237e-003
1.531227e+003,1.662897e-003
1.533156e+003,1.603130e-003
1.535084e+003,1.664393e-003
1.537013e+003,1.653550e-003
1.538941e+003,1.468562e-003
1.540870e+003,1.450676e-003
1.542798e+003,1.593187e-003
1.544727e+003,1.640579e-003
1.546655e+003,1.684783e-003
1.548584e+003,1.682322e-003
1.550512e+003,1.633329e-003
1.552441e+003,1.649592e-003
1.554369e+003,1.622819e-003
1.556298e+003,1.571604e-003
1.558226e+003,1.384457e-003
1.560155e+003,1.404202e-003
1.562083e+003,1.612941e-003
1.564012e+003,1.675935e-003
1.565940e+003,1.687610e-003
1.567869e+003,1.670015e-003
1.569797e+003,1.603995e-003
1.571726e+003,1.648029e-003
1.573654e+003,1.651522e-003
1.575583e+003,1.572003e-003
1.577511e+003,1.633927e-003
1.579440e+003,1.726796e-003
1.581368e+003,1.705772e-003
1.583297e+003,1.706671e-003
1.585225e+003,1.719378e-003
1.587154e+003,1.702845e-003
1.589082e+003,1.692733e-003
1.591010e+003,1.706504e-003
1.592939e+003,1.714288e-003
1.594868e+003,1.678496e-003
1.596796e+003,1.729657e-003
1.598724e+003,1.771641e-003
1.600653e+003,1.749185e-003
1.602582e+003,1.719644e-003
1.604510e+003,1.693565e-003
1.606438e+003,1.706604e-003
1.608367e+003,1.696991e-003
1.610296e+003,1.673075e-003
1.612224e+003,1.712159e-003
1.614152e+003,1.740502e-003
1.616081e+003,1.617198e-003
1.618010e+003,1.623384e-003
1.619938e+003,1.682388e-003
1.621866e+003,1.655779e-003
1.623795e+003,1.703377e-003
1.625724e+003,1.722505e-003
1.627652e+003,1.704209e-003
1.629580e+003,1.719045e-003
1.631509e+003,1.729790e-003
1.633438e+003,1.661666e-003
1.635366e+003,1.588897e-003
1.637294e+003,1.695028e-003
1.639223e+003,1.767682e-003
1.641151e+003,1.745592e-003
1.643080e+003,1.741866e-003
1.645008e+003,1.681091e-003
1.646937e+003,1.657808e-003
1.648865e+003,1.729823e-003
1.650794e+003,1.642940e-003
1.652722e+003,1.438675e-003
1.654651e+003,1.601434e-003
1.656579e+003,1.783552e-003
1.658508e+003,1.793766e-003
1.660436e+003,1.789840e-003
1.662365e+003,1.775034e-003
1.664293e+003,1.788941e-003
1.666222e+003,1.783019e-003
1.668150e+003,1.699718e-003
1.670079e+003,1.656444e-003
1.672007e+003,1.703510e-003
1.673936e+003,1.685216e-003
1.675864e+003,1.674538e-003
1.677793e+003,1.758766e-003
1.679721e+003,1.757169e-003
1.681650e+003,1.711926e-003
1.683578e+003,1.522059e-003
1.685507e+003,1.536090e-003
1.687435e+003,1.716484e-003
1.689364e+003,1.694729e-003
1.691292e+003,1.653151e-003
1.693221e+003,1.618795e-003
1.695149e+003,1.520596e-003
1.697078e+003,1.524153e-003
1.699006e+003,1.491137e-003
1.700935e+003,1.487446e-003
1.702863e+003,1.635590e-003
1.704792e+003,1.638018e-003
1.706720e+003,1.610214e-003
1.708649e+003,1.607288e-003
1.710577e+003,1.652386e-003
1.712506e+003,1.636821e-003
1.714434e+003,1.593919e-003
1.716363e+003,1.484720e-003
1.718291e+003,1.476475e-003
1.720220e+003,1.597078e-003
1.722148e+003,1.641610e-003
1.724077e+003,1.585605e-003
1.726005e+003,1.565852e-003
1.727934e+003,1.634925e-003
1.729862e+003,1.659072e-003
1.731791e+003,1.581015e-003
1.733719e+003,1.496523e-003
1.735648e+003,1.549790e-003
1.737576e+003,1.621588e-003
1.739505e+003,1.508127e-003
1.741433e+003,1.505666e-003
1.743362e+003,1.548759e-003
1.745290e+003,1.546997e-003
1.747219e+003,1.489242e-003
1.749147e+003,1.482625e-003
1.751076e+003,1.457292e-003
1.753004e+003,1.475976e-003
1.754933e+003,1.533231e-003
1.756861e+003,1.549225e-003
1.758790e+003,1.502142e-003
1.760718e+003,1.485219e-003
1.762647e+003,1.561928e-003
1.764575e+003,1.603031e-003
1.766504e+003,1.587201e-003
1.768432e+003,1.524586e-003
1.770361e+003,1.503738e-003
1.772289e+003,1.541045e-003
1.774218e+003,1.612908e-003
1.776146e+003,1.593021e-003
1.778075e+003,1.553614e-003
1.780003e+003,1.536855e-003
1.781932e+003,1.565419e-003
1.783860e+003,1.572170e-003
1.785789e+003,1.630102e-003
1.787717e+003,1.652819e-003
1.789646e+003,1.586569e-003
1.791574e+003,1.531402e-003
1.793503e+003,1.563391e-003
1.795431e+003,1.588032e-003
1.797360e+003,1.573034e-003
1.799288e+003,1.583443e-003
1.801217e+003,1.575562e-003
1.803145e+003,1.579120e-003
1.805074e+003,1.611511e-003
1.807002e+003,1.679428e-003
1.808931e+003,1.656810e-003
1.810859e+003,1.610514e-003
1.812788e+003,1.596745e-003
1.814716e+003,1.584507e-003
1.816645e+003,1.586369e-003
1.818573e+003,1.546265e-003
1.820502e+003,1.537154e-003
1.822430e+003,1.550322e-003
1.824359e+003,1.436514e-003
1.826287e+003,1.358431e-003
1.828216e+003,1.454965e-003
1.830144e+003,1.481296e-003
1.832073e+003,1.441101e-003
1.834001e+003,1.360492e-003
1.835930e+003,1.429300e-003
1.837858e+003,1.415970e-003
1.839787e+003,1.333503e-003
1.841715e+003,1.337691e-003
1.843644e+003,1.258962e-003
1.845572e+003,1.251518e-003
1.847501e+003,1.257200e-003
1.849429e+003,1.310704e-003
1.851358e+003,1.268200e-003
1.853286e+003,1.229653e-003
1.855215e+003,1.282356e-003
1.857143e+003,1.289102e-003
1.859072e+003,1.254110e-003
1.861000e+003,1.256336e-003
1.862929e+003,1.371660e-003
1.864857e+003,1.293755e-003
1.866786e+003,1.074407e-003
1.868714e+003,1.044580e-003
1.870643e+003,8.975007e-004
1.872571e+003,9.703533e-004
1.874500e+003,1.086066e-003
1.876428e+003,1.159648e-003
1.878357e+003,1.192672e-003
1.880285e+003,1.281692e-003
1.882214e+003,1.242015e-003
1.884142e+003,1.114102e-003
1.886071e+003,1.151209e-003
1.887999e+003,1.027641e-003
1.889928e+003,1.037040e-003
1.891856e+003,1.007116e-003
1.893785e+003,8.291752e-004
1.895713e+003,7.850249e-004
1.897642e+003,7.533258e-004
1.899570e+003,8.787417e-004
1.901499e+003,7.398170e-004
1.903427e+003,8.203115e-004
1.905356e+003,9.331949e-004
1.907284e+003,6.527007e-004
1.909213e+003,4.163631e-004
1.911141e+003,4.727154e-004
1.913070e+003,5.903858e-004
1.914998e+003,5.909830e-004
1.916927e+003,2.890581e-004
1.918855e+003,2.550745e-004
1.920784e+003,2.433714e-004
1.922712e+003,3.281841e-004
1.924641e+003,3.364408e-004
1.926569e+003,1.065721e-004
1.928498e+003,6.557722e-005
1.930426e+003,2.068388e-004
1.932355e+003,3.194633e-004
1.934283e+003,-8.358913e-005
1.936212e+003,-4.521105e-004
1.938140e+003,-6.297526e-004
1.940069e+003,-7.887681e-004
1.941997e+003,-1.104080e-003
1.943926e+003,-1.114259e-003
1.945854e+003,-1.193239e-003
1.947783e+003,-1.279935e-003
1.949711e+003,-1.635659e-003
1.951640e+003,-1.536752e-003
1.953568e+003,-1.055064e-003
1.955497e+003,-1.541374e-003
1.957425e+003,-2.952324e-003
1.959354e+003,-3.769522e-003
1.961282e+003,-3.296356e-003
1.963211e+003,-2.742640e-003
1.965139e+003,-3.215949e-003
1.967068e+003,-4.003794e-003
1.968996e+003,-4.491308e-003
1.970925e+003,-5.148477e-003
1.972853e+003,-5.938973e-003
1.974782e+003,-5.828356e-003
1.976710e+003,-4.892347e-003
1.978639e+003,-5.242540e-003
1.980567e+003,-5.057899e-003
1.982496e+003,-4.836417e-003
1.984424e+003,-3.866970e-003
1.986353e+003,-3.157368e-003
1.988281e+003,-2.649451e-003
1.990210e+003,-2.470722e-003
1.992138e+003,-3.311449e-003
1.994067e+003,-3.224664e-003
1.995995e+003,-3.262616e-003
1.997924e+003,-3.610346e-003
1.999852e+003,-4.128990e-003
2.001781e+003,-4.249096e-003
2.003709e+003,-5.311019e-003
2.005638e+003,-6.445182e-003
2.007566e+003,-6.947410e-003
2.009495e+003,-7.543438e-003
2.011423e+003,-8.135039e-003
2.013352e+003,-7.121275e-003
2.015280e+003,-5.878078e-003
2.017208e+003,-5.504810e-003
2.019137e+003,-6.150910e-003
2.021066e+003,-6.860044e-003
2.022994e+003,-7.073912e-003
2.024922e+003,-7.682429e-003
2.026851e+003,-7.887140e-003
2.028780e+003,-8.246859e-003
2.030708e+003,-8.324812e-003
2.032636e+003,-8.649481e-003
2.034565e+003,-8.461766e-003
2.036494e+003,-7.921661e-003
2.038422e+003,-7.548844e-003
2.040350e+003,-7.361761e-003
2.042279e+003,-6.668292e-003
2.044208e+003,-5.725658e-003
2.046136e+003,-5.661332e-003
2.048064e+003,-5.506315e-003
2.049993e+003,-5.031305e-003
2.051921e+003,-4.836221e-003
2.053850e+003,-4.167913e-003
2.055778e+003,-3.395160e-003
2.057707e+003,-3.472970e-003
2.059635e+003,-3.435793e-003
2.061564e+003,-3.230124e-003
2.063492e+003,-3.022942e-003
2.065421e+003,-2.962460e-003
2.067349e+003,-2.933960e-003
2.069278e+003,-2.680834e-003
2.071206e+003,-2.217062e-003
2.073135e+003,-1.827897e-003
2.075063e+003,-1.938416e-003
2.076992e+003,-2.201502e-003
2.078920e+003,-1.903152e-003
2.080849e+003,-1.467212e-003
2.082777e+003,-1.222845e-003
2.084706e+003,-1.032851e-003
2.086634e+003,-1.143275e-003
2.088563e+003,-1.125264e-003
2.090491e+003,-1.038239e-003
2.092420e+003,-1.066434e-003
2.094348e+003,-1.158311e-003
2.096277e+003,-1.382898e-003
2.098205e+003,-1.253605e-003
2.100134e+003,-7.956143e-004
2.102062e+003,-6.833817e-004
2.103991e+003,-8.164500e-004
2.105919e+003,-8.555060e-004
2.107848e+003,-8.994192e-004
2.109776e+003,-1.056584e-003
2.111705e+003,-8.384753e-004
2.113633e+003,-5.085085e-004
2.115562e+003,-6.327966e-004
2.117490e+003,-7.405767e-004
2.119419e+003,-4.680642e-004
2.121347e+003,-8.623934e-005
2.123276e+003,-2.291277e-004
2.125204e+003,-5.912057e-004
2.127133e+003,-6.173452e-004
2.129061e+003,-1.091421e-003
2.130990e+003,-1.114622e-003
2.132918e+003,-1.221556e-003
2.134847e+003,-1.569998e-003
2.136775e+003,-2.408120e-003
2.138704e+003,-2.959268e-003
2.140632e+003,-2.952884e-003
2.142561e+003,-2.389568e-003
2.144489e+003,-2.664072e-003
2.146418e+003,-2.842886e-003
2.148346e+003,-3.180722e-003
2.150275e+003,-3.699288e-003
2.152203e+003,-4.270324e-003
2.154132e+003,-4.456677e-003
2.156060e+003,-6.576301e-003
2.157989e+003,-8.261748e-003
2.159917e+003,-7.553402e-003
2.161846e+003,-6.923801e-003
2.163774e+003,-6.358923e-003
2.165703e+003,-5.510241e-003
2.167631e+003,-6.514908e-003
2.169560e+003,-6.421905e-003
2.171488e+003,-5.931652e-003
2.173417e+003,-4.950268e-003
2.175345e+003,-5.116813e-003
2.177274e+003,-5.482693e-003
2.179202e+003,-5.779871e-003
2.181131e+003,-5.177389e-003
2.183059e+003,-4.766487e-003
2.184988e+003,-4.482290e-003
2.186916e+003,-4.737285e-003
2.188845e+003,-4.852080e-003
2.190773e+003,-4.278067e-003
2.192702e+003,-3.858957e-003
2.194630e+003,-4.074635e-003
2.196559e+003,-3.793434e-003
2.198487e+003,-3.549025e-003
2.200416e+003,-3.145592e-003
2.202344e+003,-2.980362e-003
2.204273e+003,-3.253046e-003
2.206201e+003,-3.386678e-003
2.208130e+003,-3.040710e-003
2.210058e+003,-3.261663e-003
2.211987e+003,-3.480267e-003
2.213915e+003,-3.141480e-003
2.215844e+003,-2.990432e-003
2.217772e+003,-3.272975e-003
2.219701e+003,-3.393976e-003
2.221629e+003,-3.530325e-003
2.223558e+003,-2.907236e-003
2.225486e+003,-2.793869e-003
2.227415e+003,-3.443551e-003
2.229343e+003,-3.478887e-003
2.231272e+003,-3.462748e-003
2.233200e+003,-3.206739e-003
2.235129e+003,-2.800618e-003
2.237057e+003,-2.460838e-003
2.238986e+003,-2.598040e-003
2.240914e+003,-2.889035e-003
2.242843e+003,-2.717155e-003
2.244771e+003,-2.830608e-003
2.246700e+003,-2.830871e-003
2.248628e+003,-2.945380e-003
2.250557e+003,-2.856613e-003
2.252485e+003,-2.813358e-003
2.254414e+003,-2.836731e-003
2.256342e+003,-2.684555e-003
2.258271e+003,-2.662624e-003
2.260199e+003,-2.762790e-003
2.262128e+003,-2.894334e-003
2.264056e+003,-2.977565e-003
2.265985e+003,-2.973912e-003
2.267913e+003,-2.966311e-003
2.269842e+003,-2.800321e-003
2.271770e+003,-2.630053e-003
2.273699e+003,-2.552486e-003
2.275627e+003,-2.437972e-003
2.277556e+003,-1.799685e-003
2.279484e+003,-1.390495e-003
2.281413e+003,-1.074433e-003
2.283341e+003,-8.746195e-004
2.285270e+003,-1.159534e-003
2.287198e+003,-1.675368e-003
2.289127e+003,-2.320825e-003
2.291055e+003,-2.822114e-003
2.292984e+003,-3.534630e-003
2.294912e+003,-4.228063e-003
2.296841e+003,-4.848803e-003
2.298769e+003,-5.588688e-003
2.300698e+003,-6.414722e-003
2.302626e+003,-7.366224e-003
2.304555e+003,-8.450848e-003
2.306483e+003,-9.999161e-003
2.308412e+003,-1.188040e-002
2.310340e+003,-1.371673e-002
2.312269e+003,-1.507571e-002
2.314197e+003,-1.592959e-002
2.316125e+003,-1.740524e-002
2.318054e+003,-2.030505e-002
2.319983e+003,-2.388704e-002
2.321911e+003,-2.656326e-002
2.323840e+003,-2.809049e-002
2.325768e+003,-2.953574e-002
2.327697e+003,-3.181082e-002
2.329625e+003,-3.407475e-002
2.331553e+003,-3.538319e-002
2.333482e+003,-3.574090e-002
2.335411e+003,-3.688693e-002
2.337339e+003,-3.789529e-002
2.339268e+003,-3.880833e-002
2.341196e+003,-4.049530e-002
2.343125e+003,-4.004995e-002
2.345053e+003,-3.646375e-002
2.346981e+003,-2.795593e-002
2.348910e+003,-2.459115e-002
2.350839e+003,-3.053161e-002
2.352767e+003,-3.953568e-002
2.354696e+003,-4.781083e-002
2.356624e+003,-5.468362e-002
2.358552e+003,-5.829547e-002
2.360481e+003,-5.868645e-002
2.362409e+003,-5.722779e-002
2.364338e+003,-5.412141e-002
2.366267e+003,-4.911991e-002
2.368195e+003,-4.284856e-002
2.370124e+003,-3.634651e-002
2.372052e+003,-2.971607e-002
2.373980e+003,-2.357454e-002
2.375909e+003,-1.811747e-002
2.377838e+003,-1.360798e-002
2.379766e+003,-9.488165e-003
2.381695e+003,-5.788993e-003
2.383623e+003,-2.752221e-003
2.385552e+003,-6.867892e-004
2.387480e+003,3.763337e-004
2.389408e+003,7.438995e-004
2.391337e+003,9.362499e-004
2.393266e+003,9.812457e-004
2.395194e+003,9.121101e-004
2.397123e+003,1.017611e-003
2.399051e+003,1.041989e-003
2.400979e+003,9.707186e-004
2.402908e+003,9.458796e-004
2.404836e+003,9.487353e-004
2.406765e+003,1.056869e-003
2.408694e+003,9.885518e-004
2.410622e+003,9.568378e-004
2.412551e+003,1.046108e-003
2.414479e+003,1.188785e-003
2.416407e+003,1.160977e-003
2.418336e+003,1.057932e-003
2.420264e+003,1.107392e-003
2.422193e+003,1.229122e-003
2.424122e+003,1.254442e-003
2.426050e+003,1.220084e-003
2.427979e+003,1.151442e-003
2.429907e+003,1.038635e-003
2.431835e+003,1.015851e-003
2.433764e+003,1.077064e-003
2.435692e+003,1.097459e-003
2.437621e+003,1.046008e-003
2.439550e+003,9.694899e-004
2.441478e+003,7.089842e-004
2.443406e+003,7.054330e-004
2.445335e+003,7.921617e-004
2.447263e+003,7.904024e-004
2.449192e+003,8.609130e-004
2.451121e+003,9.289115e-004
2.453049e+003,9.704529e-004
2.454978e+003,1.015386e-003
2.456906e+003,9.960240e-004
2.458834e+003,1.018275e-003
2.460763e+003,1.033254e-003
2.462691e+003,1.075802e-003
2.464620e+003,1.207591e-003
2.466549e+003,1.115730e-003
2.468477e+003,1.060490e-003
2.470406e+003,1.225168e-003
2.472334e+003,1.225068e-003
2.474262e+003,1.177887e-003
2.476191e+003,1.163801e-003
2.478119e+003,1.102077e-003
2.480048e+003,1.192539e-003
2.481977e+003,1.136359e-003
2.483905e+003,1.017943e-003
2.485833e+003,1.075370e-003
2.487762e+003,1.124500e-003
2.489690e+003,1.031394e-003
2.491619e+003,1.012065e-003
2.493547e+003,1.147322e-003
2.495476e+003,1.192706e-003
2.497405e+003,1.184200e-003
2.499333e+003,1.120214e-003
2.501261e+003,1.080153e-003
2.503190e+003,9.920056e-004
2.505118e+003,1.072514e-003
2.507047e+003,1.094835e-003
2.508975e+003,1.078958e-003
2.510904e+003,1.050592e-003
2.512833e+003,1.101844e-003
2.514761e+003,1.083541e-003
2.516689e+003,1.106894e-003
2.518618e+003,1.121776e-003
2.520546e+003,1.143303e-003
2.522475e+003,1.111943e-003
2.524403e+003,1.198387e-003
2.526332e+003,1.132605e-003
2.528260e+003,1.178519e-003
2.530189e+003,1.175495e-003
2.532117e+003,1.080020e-003
2.534046e+003,1.083309e-003
2.535974e+003,1.027010e-003
2.537903e+003,1.036841e-003
2.539831e+003,1.180080e-003
2.541760e+003,1.086166e-003
2.543688e+003,9.523880e-004
2.545617e+003,9.469422e-004
2.547545e+003,1.014423e-003
2.549474e+003,1.015153e-003
2.551402e+003,9.622506e-004
2.553331e+003,9.312027e-004
2.555259e+003,1.009707e-003
2.557188e+003,9.655713e-004
2.559116e+003,8.773140e-004
2.561045e+003,8.121452e-004
2.562973e+003,7.895725e-004
2.564902e+003,8.223366e-004
2.566830e+003,8.960730e-004
2.568759e+003,7.552509e-004
2.570687e+003,6.885075e-004
2.572616e+003,7.170158e-004
2.574544e+003,6.461303e-004
2.576473e+003,6.198831e-004
2.578401e+003,7.780211e-004
2.580330e+003,7.597650e-004
2.582258e+003,6.781202e-004
2.584187e+003,6.007710e-004
2.586115e+003,4.699292e-004
2.588044e+003,4.590164e-004
2.589972e+003,5.306675e-004
2.591901e+003,5.720714e-004
2.593829e+003,5.452314e-004
2.595758e+003,4.194143e-004
2.597686e+003,4.306578e-004
2.599615e+003,4.839271e-004
2.601543e+003,4.487009e-004
2.603472e+003,4.294306e-004
2.605400e+003,4.011070e-004
2.607329e+003,4.144726e-004
2.609257e+003,3.876092e-004
2.611186e+003,3.542811e-004
2.613114e+003,4.243893e-004
2.615043e+003,4.552351e-004
2.616971e+003,4.499282e-004
2.618900e+003,5.292742e-004
2.620828e+003,5.515016e-004
2.622757e+003,5.216773e-004
2.624685e+003,5.123887e-004
2.626614e+003,5.329897e-004
2.628542e+003,5.678246e-004
2.630471e+003,5.643078e-004
2.632399e+003,5.754555e-004
2.634328e+003,6.353790e-004
2.636256e+003,7.060304e-004
2.638185e+003,7.445634e-004
2.640113e+003,7.417753e-004
2.642042e+003,7.925932e-004
2.643970e+003,8.393005e-004
2.645899e+003,8.059044e-004
2.647827e+003,7.935227e-004
2.649756e+003,8.444794e-004
2.651684e+003,9.222373e-004
2.653613e+003,1.018076e-003
2.655541e+003,1.073045e-003
2.657470e+003,1.083110e-003
2.659398e+003,1.055839e-003
2.661327e+003,1.088989e-003
2.663255e+003,1.147655e-003
2.665184e+003,1.209252e-003
2.667112e+003,1.248760e-003
2.669041e+003,1.207458e-003
2.670969e+003,1.157555e-003
2.672898e+003,1.144166e-003
2.674826e+003,1.179017e-003
2.676755e+003,1.238625e-003
2.678683e+003,1.279399e-003
2.680612e+003,1.242712e-003
2.682540e+003,1.240287e-003
2.684469e+003,1.280695e-003
2.686397e+003,1.295151e-003
2.688326e+003,1.323832e-003
2.690254e+003,1.372424e-003
2.692183e+003,1.365777e-003
2.694111e+003,1.334933e-003
2.696040e+003,1.353578e-003
2.697968e+003,1.329814e-003
2.699897e+003,1.345768e-003
2.701825e+003,1.366242e-003
2.703754e+003,1.368369e-003
2.705682e+003,1.358431e-003
2.707611e+003,1.348294e-003
2.709539e+003,1.349158e-003
2.711468e+003,1.349789e-003
2.713396e+003,1.340217e-003
2.715325e+003,1.362819e-003
2.717253e+003,1.344405e-003
2.719182e+003,1.355905e-003
2.721110e+003,1.403537e-003
2.723039e+003,1.399183e-003
2.724967e+003,1.366940e-003
2.726896e+003,1.348626e-003
2.728824e+003,1.374319e-003
2.730753e+003,1.406529e-003
2.732681e+003,1.429965e-003
2.734610e+003,1.427172e-003
2.736538e+003,1.372026e-003
2.738467e+003,1.440702e-003
2.740395e+003,1.445091e-003
2.742324e+003,1.408324e-003
2.744252e+003,1.419493e-003
2.746181e+003,1.436115e-003
2.748109e+003,1.427372e-003
2.750038e+003,1.432624e-003
2.751966e+003,1.416169e-003
2.753895e+003,1.394861e-003
2.755823e+003,1.408989e-003
2.757752e+003,1.429865e-003
2.759680e+003,1.473017e-003
2.761609e+003,1.474945e-003
2.763537e+003,1.440570e-003
2.765466e+003,1.475411e-003
2.767394e+003,1.518368e-003
2.769323e+003,1.509257e-003
2.771251e+003,1.458289e-003
2.773180e+003,1.456560e-003
2.775108e+003,1.446919e-003
2.777037e+003,1.417731e-003
2.778965e+003,1.387947e-003
2.780894e+003,1.414507e-003
2.782822e+003,1.475843e-003
2.784750e+003,1.494129e-003
2.786679e+003,1.430031e-003
2.788608e+003,1.417864e-003
2.790536e+003,1.413410e-003
2.792465e+003,1.405365e-003
2.794393e+003,1.442830e-003
2.796322e+003,1.487081e-003
2.798250e+003,1.456527e-003
2.800178e+003,1.444359e-003
2.802107e+003,1.451474e-003
2.804036e+003,1.414241e-003
2.805964e+003,1.399448e-003
2.807893e+003,1.407227e-003
2.809821e+003,1.407692e-003
2.811750e+003,1.459020e-003
2.813678e+003,1.445556e-003
2.815606e+003,1.412147e-003
2.817535e+003,1.429666e-003
2.819464e+003,1.440802e-003
2.821392e+003,1.436115e-003
2.823321e+003,1.466002e-003
2.825249e+003,1.439506e-003
2.827177e+003,1.389543e-003
2.829106e+003,1.397321e-003
2.831034e+003,1.429898e-003
2.832963e+003,1.397620e-003
2.834892e+003,1.434519e-003
2.836820e+003,1.465503e-003
2.838749e+003,1.398285e-003
2.840677e+003,1.441135e-003
2.842605e+003,1.526614e-003
2.844534e+003,1.572669e-003
2.846462e+003,1.750815e-003
2.848391e+003,1.905172e-003
2.850320e+003,1.828436e-003
2.852248e+003,1.768148e-003
2.854177e+003,1.673474e-003
2.856105e+003,1.568113e-003
2.858033e+003,1.482260e-003
2.859962e+003,1.431494e-003
2.861890e+003,1.374452e-003
2.863819e+003,1.388978e-003
2.865748e+003,1.391504e-003
2.867676e+003,1.378607e-003
2.869604e+003,1.396457e-003
2.871533e+003,1.343906e-003
2.873461e+003,1.296513e-003
2.875390e+003,1.313463e-003
2.877319e+003,1.348626e-003
2.879247e+003,1.371760e-003
2.881176e+003,1.393332e-003
2.883104e+003,1.379504e-003
2.885032e+003,1.402673e-003
2.886961e+003,1.424613e-003
2.888889e+003,1.418064e-003
2.890818e+003,1.411947e-003
2.892747e+003,1.475976e-003
2.894675e+003,1.497487e-003
2.896604e+003,1.482725e-003
2.898532e+003,1.434752e-003
2.900460e+003,1.419925e-003
2.902389e+003,1.448548e-003
2.904317e+003,1.461946e-003
2.906246e+003,1.484521e-003
2.908175e+003,1.563823e-003
2.910103e+003,1.619061e-003
2.912031e+003,1.732285e-003
2.913960e+003,1.889664e-003
2.915888e+003,2.003824e-003
2.917817e+003,2.102965e-003
2.919745e+003,2.109091e-003
2.921674e+003,1.944610e-003
2.923603e+003,1.811200e-003
2.925531e+003,1.704941e-003
2.927459e+003,1.617032e-003
2.929388e+003,1.559799e-003
2.931316e+003,1.463675e-003
2.933245e+003,1.375183e-003
2.935173e+003,1.334766e-003
2.937102e+003,1.312034e-003
2.939031e+003,1.314493e-003
2.940959e+003,1.268233e-003
2.942887e+003,1.231282e-003
2.944816e+003,1.239157e-003
2.946744e+003,1.232179e-003
2.948673e+003,1.279133e-003
2.950601e+003,1.273351e-003
2.952530e+003,1.282755e-003
2.954458e+003,1.262152e-003
2.956387e+003,1.232013e-003
2.958315e+003,1.203737e-003
2.960244e+003,1.116328e-003
2.962172e+003,1.155661e-003
2.964101e+003,1.204733e-003
2.966029e+003,1.183967e-003
2.967958e+003,1.174632e-003
2.969886e+003,1.139914e-003
2.971815e+003,1.126991e-003
2.973743e+003,1.159880e-003
2.975672e+003,1.174432e-003
2.977600e+003,1.177854e-003
2.979529e+003,1.165728e-003
2.981457e+003,1.158585e-003
2.983386e+003,1.155927e-003
2.985314e+003,1.147821e-003
2.987243e+003,1.122407e-003
2.989171e+003,1.040561e-003
2.991100e+003,1.022493e-003
2.993028e+003,1.170777e-003
2.994957e+003,1.185463e-003
2.996885e+003,1.166060e-003
2.998814e+003,1.131974e-003
3.000742e+003,1.088923e-003
3.002671e+003,1.091680e-003
3.004599e+003,1.028139e-003
3.006528e+003,9.977177e-004
3.008456e+003,1.088856e-003
3.010385e+003,1.145263e-003
3.012313e+003,1.130513e-003
3.014242e+003,1.121145e-003
3.016170e+003,1.077961e-003
3.018099e+003,1.089421e-003
3.020027e+003,1.097858e-003
3.021956e+003,1.105299e-003
3.023884e+003,1.094104e-003
3.025813e+003,1.026612e-003
3.027741e+003,1.009806e-003
3.029670e+003,1.021264e-003
3.031598e+003,9.995775e-004
3.033527e+003,9.934335e-004
3.035455e+003,1.012829e-003
3.037384e+003,1.040196e-003
3.039312e+003,1.003363e-003
3.041241e+003,9.655713e-004
3.043169e+003,9.756666e-004
3.045098e+003,9.941974e-004
3.047026e+003,1.012729e-003
3.048955e+003,9.127409e-004
3.050883e+003,8.992605e-004
3.052812e+003,1.027077e-003
3.054740e+003,1.068295e-003
3.056669e+003,9.927362e-004
3.058597e+003,9.973524e-004
3.060526e+003,1.020135e-003
3.062454e+003,9.473406e-004
3.064383e+003,9.048717e-004
3.066311e+003,9.079265e-004
3.068240e+003,9.091218e-004
3.070168e+003,8.832570e-004
3.072097e+003,8.846183e-004
3.074025e+003,9.435551e-004
3.075954e+003,9.265207e-004
3.077882e+003,8.749567e-004
3.079811e+003,9.419944e-004
3.081739e+003,1.041890e-003
3.083668e+003,1.046672e-003
3.085596e+003,9.984151e-004
3.087525e+003,9.269856e-004
3.089453e+003,9.677963e-004
3.091382e+003,9.193817e-004
3.093310e+003,8.088257e-004
3.095239e+003,8.129420e-004
3.097167e+003,8.777456e-004
3.099096e+003,8.740935e-004
3.101024e+003,8.641002e-004
3.102953e+003,8.049086e-004
3.104881e+003,7.818383e-004
3.106810e+003,8.175895e-004
3.108738e+003,8.324949e-004
3.110667e+003,7.781870e-004
3.112595e+003,7.504050e-004
3.114524e+003,7.980703e-004
3.116452e+003,8.221042e-004
3.118381e+003,8.144358e-004
3.120309e+003,8.231665e-004
3.122238e+003,8.233989e-004
3.124166e+003,8.508868e-004
3.126095e+003,7.904356e-004
3.128023e+003,8.294408e-004
3.129952e+003,8.591534e-004
3.131880e+003,8.135395e-004
3.133809e+003,7.531930e-004
3.135737e+003,8.094896e-004
3.137666e+003,7.854233e-004
3.139594e+003,7.184761e-004
3.141523e+003,7.143607e-004
3.143451e+003,7.010854e-004
3.145380e+003,7.615574e-004
3.147308e+003,7.976388e-004
3.149237e+003,8.433839e-004
3.151165e+003,8.035476e-004
3.153094e+003,7.607608e-004
3.155022e+003,6.930541e-004
3.156951e+003,6.363745e-004
3.158879e+003,6.199826e-004
3.160808e+003,6.064780e-004
3.162736e+003,5.774793e-004
3.164665e+003,6.168967e-004
3.166593e+003,6.778216e-004
3.168522e+003,7.801122e-004
3.170450e+003,7.628187e-004
3.172379e+003,7.245165e-004
3.174307e+003,7.697892e-004
3.176236e+003,7.399830e-004
3.178164e+003,6.716159e-004
3.180093e+003,6.581760e-004
3.182021e+003,6.130477e-004
3.183950e+003,6.258226e-004
3.185878e+003,6.047194e-004
3.187807e+003,5.658671e-004
3.189735e+003,6.315630e-004
3.191664e+003,5.798682e-004
3.193592e+003,5.706779e-004
3.195521e+003,6.054494e-004
3.197449e+003,7.120707e-004
3.199378e+003,6.873128e-004
3.201306e+003,6.345827e-004
3.203235e+003,6.071748e-004
3.205163e+003,6.084024e-004
3.207092e+003,6.654434e-004
3.209020e+003,7.243837e-004
3.210948e+003,7.082540e-004
3.212877e+003,6.110901e-004
3.214806e+003,5.463925e-004
3.216734e+003,5.386958e-004
3.218663e+003,5.996097e-004
3.220591e+003,5.927747e-004
3.222520e+003,5.872338e-004
3.224448e+003,4.630630e-004
3.226376e+003,5.315964e-004
3.228305e+003,5.276487e-004
3.230234e+003,4.842256e-004
3.232162e+003,5.640756e-004
3.234091e+003,5.765171e-004
3.236019e+003,5.792046e-004
3.237948e+003,5.532600e-004
3.239876e+003,5.851436e-004
3.241804e+003,6.544926e-004
3.243733e+003,5.735643e-004
3.245662e+003,5.300372e-004
3.247590e+003,5.091046e-004
3.249519e+003,5.083748e-004
3.251447e+003,4.858510e-004
3.253375e+003,5.154738e-004
3.255304e+003,5.807971e-004
3.257232e+003,5.639761e-004
3.259161e+003,5.216441e-004
3.261090e+003,4.935136e-004
3.263018e+003,4.448534e-004
3.264947e+003,4.126817e-004
3.266875e+003,4.407406e-004
3.268803e+003,4.581540e-004
3.270732e+003,5.074128e-004
3.272660e+003,5.405537e-004
3.274589e+003,5.564781e-004
3.276518e+003,5.628480e-004
3.278446e+003,5.479186e-004
3.280375e+003,4.961673e-004
3.282303e+003,5.462930e-004
3.284231e+003,5.971876e-004
3.286160e+003,5.893573e-004
3.288088e+003,5.206489e-004
3.290017e+003,4.635938e-004
3.291946e+003,5.173979e-004
3.293874e+003,5.462930e-004
3.295802e+003,4.478386e-004
3.297731e+003,4.361967e-004
3.299659e+003,5.295064e-004
3.301588e+003,4.459480e-004
3.303516e+003,4.206746e-004
3.305445e+003,4.944756e-004
3.307374e+003,5.315632e-004
3.309302e+003,6.010696e-004
3.311230e+003,5.744933e-004
3.313159e+003,4.857515e-004
3.315087e+003,4.625987e-004
3.317016e+003,5.083748e-004
3.318944e+003,5.172652e-004
3.320873e+003,5.501083e-004
3.322802e+003,5.121565e-004
3.324730e+003,4.210726e-004
3.326658e+003,4.577891e-004
3.328587e+003,5.497101e-004
3.330515e+003,5.816266e-004
3.332444e+003,5.589995e-004
3.334372e+003,5.439707e-004
3.336301e+003,5.071142e-004
3.338229e+003,5.509708e-004
3.340158e+003,5.770148e-004
3.342086e+003,6.011360e-004
3.344015e+003,6.218076e-004
3.345943e+003,6.697243e-004
3.347872e+003,6.622909e-004
3.349800e+003,6.118200e-004
3.351729e+003,6.022973e-004
3.353657e+003,6.116541e-004
3.355586e+003,5.531936e-004
3.357514e+003,5.015412e-004
3.359443e+003,5.023374e-004
3.361371e+003,6.038899e-004
3.363300e+003,6.357440e-004
3.365229e+003,5.972871e-004
3.367157e+003,5.528287e-004
3.369085e+003,5.533263e-004
3.371014e+003,5.230706e-004
3.372942e+003,4.871115e-004
3.374871e+003,5.122561e-004
3.376799e+003,5.565776e-004
3.378728e+003,5.589663e-004
3.380656e+003,5.346817e-004
3.382585e+003,4.667780e-004
3.384513e+003,4.914238e-004
3.386442e+003,5.851767e-004
3.388370e+003,5.795364e-004
3.390299e+003,4.536430e-004
3.392227e+003,4.533114e-004
3.394156e+003,5.169003e-004
3.396084e+003,5.523642e-004
3.398013e+003,6.547249e-004
3.399941e+003,5.865371e-004
3.401870e+003,5.422456e-004
3.403798e+003,6.622245e-004
3.405727e+003,5.606915e-004
3.407655e+003,5.217768e-004
3.409584e+003,6.170294e-004
3.411512e+003,4.974611e-004
3.413441e+003,4.731466e-004
3.415369e+003,5.261890e-004
3.417298e+003,5.243976e-004
3.419226e+003,5.230706e-004
3.421155e+003,5.697157e-004
3.423083e+003,5.645732e-004
3.425012e+003,4.996173e-004
3.426940e+003,4.451188e-004
3.428869e+003,5.303026e-004
3.430797e+003,5.652700e-004
3.432726e+003,5.149099e-004
3.434654e+003,5.007451e-004
3.436583e+003,4.704599e-004
3.438511e+003,4.264787e-004
3.440440e+003,5.055220e-004
3.442368e+003,5.482504e-004
3.444297e+003,5.691517e-004
3.446225e+003,5.258241e-004
3.448154e+003,4.713555e-004
3.450082e+003,4.732462e-004
3.452011e+003,4.584525e-004
3.453939e+003,4.519183e-004
3.455868e+003,5.372029e-004
3.457796e+003,5.122229e-004
3.459725e+003,4.491985e-004
3.461653e+003,3.987855e-004
3.463582e+003,3.978238e-004
3.465510e+003,4.163962e-004
3.467439e+003,4.347042e-004
3.469367e+003,3.907598e-004
3.471296e+003,3.372035e-004
3.473224e+003,3.043765e-004
3.475153e+003,3.936782e-004
3.477081e+003,4.421668e-004
3.479010e+003,4.348368e-004
3.480938e+003,4.300276e-004
3.482867e+003,3.535184e-004
3.484795e+003,3.758363e-004
3.486724e+003,3.551433e-004
3.488652e+003,3.920532e-004
3.490581e+003,4.044567e-004
3.492509e+003,4.207741e-004
3.494438e+003,3.934792e-004
3.496366e+003,3.441008e-004
3.498295e+003,3.324616e-004
3.500223e+003,3.830658e-004
3.502152e+003,3.634999e-004
3.504080e+003,2.619704e-004
3.506009e+003,2.971483e-004
3.507937e+003,4.354007e-004
3.509866e+003,4.364288e-004
3.511794e+003,4.173912e-004
3.513723e+003,3.921858e-004
3.515651e+003,3.392262e-004
3.517580e+003,3.433381e-004
3.519508e+003,3.965303e-004
3.521437e+003,3.734486e-004
3.523365e+003,2.951257e-004
3.525294e+003,3.174407e-004
3.527222e+003,3.802138e-004
3.529151e+003,3.788873e-004
3.531079e+003,3.658876e-004
3.533008e+003,2.560691e-004
3.534936e+003,2.521570e-004
3.536865e+003,3.709614e-004
3.538793e+003,3.908593e-004
3.540722e+003,3.465546e-004
3.542650e+003,3.871781e-004
3.544579e+003,4.163631e-004
3.546507e+003,3.801475e-004
3.548436e+003,2.656506e-004
3.550364e+003,2.540467e-004
3.552293e+003,3.611455e-004
3.554221e+003,3.193307e-004
3.556150e+003,3.032492e-004
3.558078e+003,3.539163e-004
3.560007e+003,3.343517e-004
3.561935e+003,2.470182e-004
3.563864e+003,2.152258e-004
3.565792e+003,1.595034e-004
3.567721e+003,1.063070e-004
3.569649e+003,1.751156e-004
3.571578e+003,1.750824e-004
3.573506e+003,5.119511e-005
3.575435e+003,-9.150658e-005
3.577363e+003,-1.325822e-004
3.579292e+003,-1.351658e-004
3.581220e+003,-1.193324e-004
3.583149e+003,-2.600244e-004
3.585077e+003,-4.650853e-004
3.587006e+003,-7.182487e-004
3.588934e+003,-9.187952e-004
3.590863e+003,-1.030702e-003
3.592791e+003,-1.071689e-003
3.594720e+003,-1.172091e-003
3.596648e+003,-1.245246e-003
3.598577e+003,-1.235796e-003
3.600505e+003,-1.378505e-003
3.602434e+003,-1.344715e-003
3.604362e+003,-1.162838e-003
3.606291e+003,-8.886398e-004
3.608219e+003,-5.729071e-004
3.610148e+003,-3.822317e-004
3.612076e+003,-1.371864e-004
3.614005e+003,-2.111782e-004
3.615933e+003,-6.383549e-004
3.617862e+003,-1.068715e-003
3.619790e+003,-1.400700e-003
3.621719e+003,-1.602913e-003
3.623647e+003,-1.780547e-003
3.625576e+003,-1.885667e-003
3.627504e+003,-1.869798e-003
3.629433e+003,-1.704512e-003
3.631361e+003,-1.473883e-003
3.633290e+003,-1.192909e-003
3.635218e+003,-9.781742e-004
3.637146e+003,-6.370976e-004
3.639075e+003,-4.140774e-004
3.641004e+003,-2.603224e-004
3.642932e+003,-5.291184e-005
3.644861e+003,-1.822334e-005
3.646789e+003,-5.446895e-005
3.648718e+003,6.454990e-005
3.650646e+003,1.792590e-004
3.652574e+003,2.381002e-004
3.654503e+003,5.788902e-005
3.656432e+003,-3.194004e-005
3.658360e+003,9.225497e-005
3.660289e+003,1.110132e-004
3.662217e+003,8.599134e-005
3.664146e+003,1.039871e-004
3.666074e+003,1.983525e-004
3.668002e+003,1.752481e-004
3.669931e+003,-1.805768e-005
3.671860e+003,-1.098917e-004
3.673788e+003,-2.258823e-004
3.675717e+003,-4.110651e-004
3.677645e+003,-4.155670e-004
3.679573e+003,-4.641586e-004
3.681502e+003,-5.494123e-004
3.683430e+003,-6.823231e-004
3.685359e+003,-8.054039e-004
3.687288e+003,-1.021810e-003
3.689216e+003,-1.256545e-003
3.691145e+003,-1.260311e-003
3.693073e+003,-1.465165e-003
3.695001e+003,-1.775729e-003
3.696930e+003,-1.968564e-003
3.698858e+003,-2.173875e-003
3.700787e+003,-2.320825e-003
3.702716e+003,-2.293799e-003
3.704644e+003,-2.192074e-003
3.706573e+003,-2.116078e-003
3.708501e+003,-1.898401e-003
3.710429e+003,-1.479100e-003
3.712358e+003,-8.712796e-004
3.714286e+003,-4.797147e-004
3.716215e+003,-8.521992e-004
3.718144e+003,-1.517271e-003
3.720072e+003,-2.055535e-003
3.722000e+003,-2.494443e-003
3.723929e+003,-2.878732e-003
3.725857e+003,-3.081804e-003
3.727786e+003,-3.138191e-003
3.729714e+003,-3.123618e-003
3.731643e+003,-3.039394e-003
3.733572e+003,-2.729173e-003
3.735500e+003,-2.385614e-003
3.737428e+003,-1.844658e-003
3.739357e+003,-1.289945e-003
3.741285e+003,-1.027496e-003
3.743214e+003,-9.392283e-004
3.745142e+003,-6.643592e-004
3.747071e+003,-3.840194e-004
3.749000e+003,-3.852111e-004
3.750928e+003,-3.311478e-004
3.752856e+003,-2.073033e-004
3.754785e+003,-9.120843e-005
3.756713e+003,-1.297335e-004
3.758642e+003,-7.547278e-005
3.760570e+003,-5.768253e-005
3.762499e+003,1.921778e-006
3.764427e+003,-2.750117e-006
3.766356e+003,-2.335887e-005
3.768284e+003,4.228109e-005
3.770213e+003,3.538860e-005
3.772141e+003,4.880918e-005
3.774070e+003,2.809858e-005
3.775998e+003,-2.408778e-005
3.777927e+003,2.289623e-005
3.779855e+003,9.997690e-005
3.781784e+003,2.278563e-004
3.783712e+003,2.022973e-004
3.785641e+003,1.580781e-004
3.787569e+003,1.469412e-004
3.789498e+003,1.311975e-004
3.791426e+003,1.875792e-004
3.793355e+003,2.058774e-004
3.795283e+003,1.460463e-004
3.797212e+003,1.522776e-004
3.799140e+003,1.437261e-004
3.801069e+003,1.154875e-004
3.802997e+003,2.095902e-004
3.804926e+003,1.991812e-004
3.806854e+003,1.219504e-004
3.808783e+003,1.991149e-004
3.810711e+003,1.750824e-004
3.812640e+003,2.068388e-004
3.814568e+003,2.338236e-004
3.816497e+003,1.516478e-004
3.818425e+003,1.840655e-004
3.820354e+003,1.717014e-004
3.822282e+003,1.934796e-004
3.824211e+003,3.457256e-004
3.826139e+003,3.084217e-004
3.828068e+003,3.494064e-004
3.829996e+003,2.867704e-004
3.831925e+003,1.843306e-004
3.833853e+003,2.218891e-004
3.835782e+003,2.509966e-004
3.837710e+003,2.270606e-004
3.839639e+003,2.064741e-004
3.841567e+003,2.326633e-004
3.843496e+003,2.146291e-004
3.845424e+003,1.971260e-004
3.847353e+003,2.450954e-004
3.849281e+003,2.665126e-004
3.851210e+003,1.146589e-004
3.853138e+003,1.040421e-005
3.855067e+003,2.252042e-004
3.856995e+003,3.372698e-004
3.858924e+003,3.545464e-004
3.860852e+003,3.314668e-004
3.862781e+003,3.460241e-004
3.864709e+003,2.366083e-004
3.866638e+003,2.376692e-004
3.868566e+003,2.685018e-004
3.870495e+003,2.340225e-004
3.872423e+003,3.286815e-004
3.874352e+003,3.131301e-004
3.876280e+003,3.273883e-004
3.878209e+003,4.284356e-004
3.880137e+003,3.936119e-004
3.882066e+003,3.805454e-004
3.883994e+003,3.903287e-004
3.885923e+003,3.179380e-004
3.887851e+003,3.642627e-004
3.889780e+003,3.865812e-004
3.891708e+003,4.109571e-004
3.893637e+003,4.363293e-004
3.895565e+003,5.377669e-004
3.897494e+003,4.901301e-004
3.899422e+003,3.639642e-004
3.901351e+003,3.900965e-004
3.903279e+003,4.392481e-004
3.905208e+003,4.688677e-004
3.907136e+003,4.476727e-004
3.909065e+003,3.393588e-004
3.910993e+003,3.630689e-004
3.912922e+003,3.930481e-004
3.914850e+003,3.958339e-004
3.916779e+003,3.667830e-004
3.918707e+003,3.976911e-004
3.920636e+003,3.777597e-004
3.922564e+003,3.797164e-004
3.924493e+003,3.931144e-004
3.926421e+003,3.593879e-004
3.928350e+003,3.511971e-004
3.930278e+003,3.578293e-004
3.932207e+003,3.693033e-004
3.934135e+003,4.232284e-004
3.936064e+003,4.222003e-004
3.937992e+003,4.357987e-004
3.939921e+003,3.984871e-004
3.941849e+003,3.272888e-004
3.943778e+003,3.570335e-004
3.945706e+003,3.859842e-004
3.947635e+003,3.594211e-004
3.949563e+003,3.167444e-004
3.951492e+003,3.162801e-004
3.953420e+003,4.052195e-004
3.955349e+003,4.171259e-004
3.957277e+003,4.311884e-004
3.959206e+003,5.095027e-004
3.961134e+003,5.132844e-004
3.963063e+003,5.240326e-004
3.964991e+003,4.976933e-004
3.966920e+003,4.156003e-004
3.968848e+003,4.360972e-004
3.970777e+003,3.957344e-004
3.972705e+003,4.262466e-004
3.974634e+003,4.460806e-004
3.976562e+003,4.700618e-004
3.978491e+003,4.800793e-004
3.980419e+003,5.054224e-004
3.982348e+003,5.207816e-004
3.984276e+003,5.400229e-004
3.986205e+003,4.410391e-004
3.988133e+003,3.734154e-004
3.990062e+003,3.834638e-004
3.991990e+003,4.972621e-004
3.993919e+003,5.463925e-004
3.995847e+003,5.126210e-004
3.997776e+003,4.863154e-004
3.999704e+003,4.598125e-004
4.001633e+003,0.000000e+000
