"","V1"
"1",125
"2",126
"3",127
"4",128
"5",130
"6",132
"7",133
"8",134
"9",135
"10",136
"11",137
"12",138
"13",139
"14",140
"15",141
"16",142
"17",143
"18",144
"19",145
"20",146
"21",147
"22",148
"23",160
"24",162
"25",163
"26",165
"27",166
"28",168
"29",169
"30",171
"31",172
"32",173
"33",174
"34",175
"35",176
"36",177
"37",178
"38",179
"39",180
"40",181
"41",182
"42",183
"43",184
"44",185
"45",186
"46",187
"47",188
"48",189
"49",190
"50",191
"51",192
"52",193
"53",194
"54",195
"55",196
"56",197
"57",198
"58",199
"59",200
"60",201
"61",202
"62",203
"63",204
"64",205
"65",206
"66",207
"67",208
"68",209
"69",210
"70",211
"71",212
"72",213
"73",214
"74",216
"75",220
"76",221
"77",222
"78",223
"79",224
"80",225
"81",226
"82",227
"83",228
"84",229
"85",231
"86",232
"87",236
"88",237
"89",238
"90",239
"91",240
"92",241
"93",242
"94",243
"95",244
